{"cameraMode":{"drawMode":0,"name":"Shaded","section":"Shading Mode"},"sceneLighting":false,"audioPlay":false,"sceneViewState":{"m_AlwaysRefresh":false,"showFog":true,"showSkybox":true,"showFlares":true,"showImageEffects":true,"showParticleSystems":true,"showVisualEffectGraphs":true,"m_FxEnabled":true},"in2DMode":false,"pivot":{"x":-1130.50927734375,"y":451.0655212402344,"z":-887.3798217773438},"rotation":{"x":0.21317532658576966,"y":-0.011497382074594498,"z":0.002472830004990101,"w":0.9770841002464294},"size":31.517528533935548,"orthographic":true}