{"cameraMode":{"drawMode":0,"name":"Shaded","section":"Shading Mode"},"sceneLighting":false,"audioPlay":false,"sceneViewState":{"m_AlwaysRefresh":false,"showFog":true,"showSkybox":true,"showFlares":true,"showImageEffects":true,"showParticleSystems":true,"showVisualEffectGraphs":true,"m_FxEnabled":true},"in2DMode":false,"pivot":{"x":-1126.3011474609375,"y":390.21905517578127,"z":228.83155822753907},"rotation":{"x":0.41142624616622927,"y":-0.0557648241519928,"z":0.02528047189116478,"w":0.9095330834388733},"size":52.77293395996094,"orthographic":false}