{"cameraMode":{"drawMode":0,"name":"Shaded","section":"Shading Mode"},"sceneLighting":true,"audioPlay":false,"sceneViewState":{"m_AlwaysRefresh":false,"showFog":true,"showSkybox":true,"showFlares":true,"showImageEffects":true,"showParticleSystems":true,"showVisualEffectGraphs":true,"m_FxEnabled":true},"in2DMode":false,"pivot":{"x":0.9436320662498474,"y":-3.0919933319091799,"z":18.39861297607422},"rotation":{"x":-0.1319248080253601,"y":0.0035654513631016018,"z":-0.0004728775529656559,"w":-0.9912692308425903},"size":16.779081344604493,"orthographic":false}