{"cameraMode":{"drawMode":0,"name":"Shaded","section":"Shading Mode"},"sceneLighting":true,"audioPlay":false,"sceneViewState":{"m_AlwaysRefresh":false,"showFog":true,"showSkybox":true,"showFlares":true,"showImageEffects":true,"showParticleSystems":true,"showVisualEffectGraphs":true,"m_FxEnabled":true},"in2DMode":false,"pivot":{"x":95.99358367919922,"y":-18.115463256835939,"z":24.116436004638673},"rotation":{"x":-0.34610140323638918,"y":-0.13527818024158479,"z":0.050516508519649509,"w":-0.927060604095459},"size":24.226207733154298,"orthographic":false}